patronBusqueda,multitienda,descripcion,precioPesos,precioUf
notebook hp,Ripley,"HP 14-DQ2508LA / INTEL CORE I3 / 8GB RAM / 256GB SSD / 14"" FHD",299990,8.313779134878104
notebook hp,Ripley,NOTEBOOK HP 14-DK1510LA AMD3020E 4GB 256SSD,250990,6.9558166107638755
notebook hp,Ripley,"HP PAVILION 14-DV2003LA / INTEL CORE I7 / 12GB RAM / 512GB SSD / 14"" FHD",639990,17.736376240976824
notebook hp,Ripley,"HP VICTUS 16-D0515LA / INTEL CORE I7 / 16GB RAM / 512GB SSD / 16.1"" FHD / NVIDIA GEFORCE RTX 3060",999990,27.71324376508135
notebook hp,Ripley,"HP 15-DY5000LA / INTEL CORE I5 / 8GB RAM / 512GB SSD / 15.6"" FHD",529990,14.687888941944884
notebook hp,Ripley,NOTEBOOK HP 14-DQ2507LA CORE I3 4GB RAM 256GB,359990,9.976590388895524
notebook hp,Ripley,NOTEBOOK HP PAVILION 15-EH1503LA RYZEN7 8GB RAM 512GB SSD,689990,19.12205228599134
notebook hp,Ripley,"HP PAVILION 15-EG0503LA / INTEL CORE I5 / 8GB RAM / 512GB SSD / 15.6"" FHD",649990,18.013511449979728
notebook hp,Ripley,NOTEBOOK HP VICTUS 15-FB0116LA RYZEN5 8GB RAM 512GB 4GB,728990,20.202879601102666
notebook hp,Ripley,NOTEBOOK HP 14-DQ0502LA INTEL CELERON 8 GB 256 GB SSD,219990,6.096697462854875
notebook hp,Ripley,"HP PAVILION PLUS 14-EH0103LA / INTEL CORE I7 / 16GB RAM / 512GB SSD / 14"" 2.8K OLED / NVIDIA GEFORCE RTX2050",1029990,28.54464939209006
notebook hp,Ripley,"HP VICTUS 16-D0500LA / INTEL CORE I5 / 8GB RAM / 256GB SSD / 16.1"" FHD / NVIDIA GEFORCE RTX 3050",779990,21.616269167017474
notebook hp,Ripley,NOTEBOOK HP SPECTRE X360 14-EF0101LA  CORE I7 16GB RAM 1TB,1602990,44.424496867956435
notebook hp,Ripley,"HP 15-EF2516LA / AMD RYZEN 3 / 8GB RAM / 512GB SSD / 15.6"" FHD",519990,14.41075373294198
notebook hp,Ripley,NOTEBOOK HP 14-DV2004LA INTEL COREI7 16GB RAM 1TB SSD,960990,26.632416449970027
notebook hp,Ripley,NOTEBOOK HP 14-DQ0501LA INTEL CELERON 4 GB 256 GB SSD,169990,4.7110214178403576
notebook hp,Ripley,"HP PAVILION 15-EH1510LA / AMD RYZEN 7 / 16GB RAM / 512GB SSD / 15.6"" FHD + MOCHILA HP RENEW",829990,23.00194521203199
notebook hp,Ripley,"HP VICTUS 16-D0511LA / INTEL CORE I5 / 8GB RAM / 512GB SSD / 16.1"" FHD / NVIDIA GEFORCE GTX 1650",689990,19.12205228599134
notebook hp,Ripley,NOTEBOOK HP 14-EM0001LA AMD RYZEN 3 8GB RAM 256GB,359990,9.976590388895524
notebook hp,Ripley,AIO 24-K0001LA I5-10400T 8GB 1TB+256GB,899990,24.941891675052315
notebook hp,Ripley,"HP PAVILION PLUS 14-EH0104LA / INTEL CORE I5 / 8GB RAM / 512GB SSD / 14"" 2.2K",779990,21.616269167017474
notebook hp,Ripley,NOTEBOOK HP 14-DQ0500LA INTEL CELERON 4 GB 128 GB SSD,159990,4.433886208837453
notebook hp,Ripley,"HP VICTUS 15-FB0115LA / AMD RYZEN 5 / 8GB RAM / 512GB SSD / 15.6"" FHD / NVIDIA GEFORCE GTX 1650",829990,23.00194521203199
notebook hp,Ripley,"NOTEBOOK HP 240 G8 DE 14“ (CELERON N4020, 8GB RAM, 500GB SSD, WIN10)",259990,7.205238298866489
notebook hp,Ripley,NOTEBOOK HP OMEN 16-C0500LA RYZEN9 32GB RAM 1TB 8GB,1299990,36.02730003516846
notebook hp,Ripley,"NOTEBOOK HP 240 G8 DE 14“ (I5-1135G7, 8GB RAM, 512GB SSD, WIN11)",499990,13.856483314936174
notebook hp,Ripley,HP PAVILION X360 CONVERTIBLE 14-DY0501LA / INTEL CORE I3 / 8GB RAM / 256GB SSD / INTEL UHD GRAPHICS / 14'',499990,13.856483314936174
notebook hp,Ripley,"NOTEBOOK HP 240 DE 14“ (I3-1115G4, 8GB RAM, 512GB SSD, WIN11)",372990,10.3368661605993
notebook hp,Ripley,"HP PAVILION X360 14-DY2003LA / INTEL CORE I5 / 8GB RAM / 512GB SSD / 14"" FHD TOUCH + LAPIZ ZENVO",709990,19.676322703997148
notebook hp,Ripley,"HP OMEN 16-B1001LA / INTEL CORE I7 / 16GB RAM / 512GB SSD / 16.1"" FHD / NVIDIA GEFORCE RTX 3060",1299990,36.02730003516846
notebook hp,Ripley,"HP PAVILION PLUS 14-EH0101LA / INTEL CORE I7 / 16GB RAM / 512GB SSD / 14"" 2.8K OLED / NVIDIA GEFORCE RTX2050",1099990,30.484595855110385
notebook hp,Ripley,"HP VICTUS 16-D0511LA / INTEL CORE I5 / 8GB RAM / 512GB SSD / 16.1"" FHD / NVIDIA GEFORCE GTX 1650 + BUNDLE HYPERX",719990,19.95345791300005
notebook hp,Ripley,NOTEBOOK HP PAVILION PLUS 14-EH0100LA INTEL COREI5 8GB RAM 512GB SSD,799990,22.17053958502328
notebook hp,Ripley,NOTEBOOK HP 14 / INTEL I3-1115G4 / 4GB / 256GB SSD / 14” FHD,359990,9.976590388895524
notebook hp,Ripley,"HP 14-DQ0506LA / INTEL PENTIUM / 8GB RAM / 256GB SSD / 14"" HD",379990,10.530860806901332
notebook hp,Ripley,NOTEBOOK HP VICTUS 15-FB0110LA RYZEN7 8GB RAM 512GB SSD 4GB,999990,27.71324376508135
notebook hp,Ripley,"HP PAVILION X360 14-DY0011LA / INTEL CORE I5 / 8GB RAM / 512GB SSD / 14"" FHD TOUCH + LAPIZ ZENVO",629990,17.45924103197392
notebook hp,Ripley,"HP 14-DQ2025LA / INTEL CORE I3 / 4GB RAM + 16GB OPTANE / 256GB SSD / 14"" HD",399990,11.085131224907139
notebook hp,Ripley,NOTEBOOK HP PAVILION 15-EH1505LA RYZEN5 8GB RAM 512GB SSD,599990,16.62783540496521
notebook hp,Ripley,"HP PAVILION GAMING 15-EC1026LA / AMD RYZEN 5 / 8GB RAM / 256GB SSD / 15.6"" FHD / NVIDIA GEFORCE GTX 1650",729990,20.230593122002954
notebook hp,Ripley,NTBK INTEL I3-1005G1/ 4GB RAM/ 1TB HDD/ 14' HD/ W10H/ 240 G8,279990,7.759508716872296
notebook hp,Ripley,NOTEBOOK HP VICTUS 16-D0511LA I5-11400H 8GB 512GB G1650 4GB WIN 11 + BUNDLE HYPERX,1079990,29.930325437104578
notebook hp,Ripley,NOTEBOOK HP 245 G7 AMD RYZEN 5-3500 8GB 256 GB SSD W10 PRO,439900,12.191177844037727
notebook hp,Ripley,NOTEBOOK HP 240 G8 I5-1035G1 1TB HDD 4GB 14IN W10 HOME,562590,15.59134972329435
notebook hp,Ripley,HP NOTEBOOK 250G8 CI5 8GB 256SSD 15.6' SIN SISTEMA OPERATIVO,405865,11.247948160196344
notebook hp,Ripley,NOTEBOOK HP PROBOOK 440 G9 INTEL CORE I5 8GB RAM 512GB SSD,959990,26.604702929069738
notebook hp,Ripley,NOTEBOOK HP PROBOOK 440 G9 INTEL CORE I7 8GB RAM 512GB SSD,1097990,30.429168813309804
notebook hp,Ripley,NOTEBOOK HP PROBOOK 440 G9 I7-1255U 8GB 512GB SSD W11 PRO,999900,27.710749548200326
notebook hp,Ripley,NOTEBOOK HP ELITEBOOK 845 G8 R5 5600U 8GB 512SSD WIND 10 PRO + REGALO AUDÍFONO GAMER,1399990,38.79865212519749
notebook hp,Ripley,NOTEBOOK HP ELITEBOOK X360 1030 G8 TACTIL I7-1165G7 16GB 512GB SSD W10 PRO,2072900,57.44735747421188
notebook hp,Ripley,NOTEBOOK HP 245 G8 RYZEN5 8GB SSD 256GB 14IN W10P ,565990,15.685575694355338
notebook hp,Ripley,NOTEBOOK HP PROBOOK 440 G9 I5-1235U 8GB 512GB SSD W11 PRO,863900,23.941710705760837
notebook hp,Ripley,NOTEBOOK HP PROBOOK 450 G9 I5-1235U 8GB 512GB SSD W11 PRO,855900,23.720002538558514
notebook hp,Ripley,NOTEBOOK HP ELITEBOOK 840 G8 I7-1165G7 8GB 512GB SSD WIN11 PRO,1298900,35.99709229738714
notebook hp,Ripley,HP 240 G8 14' I3-1115G4 8GB RAM 256GB SSD WIN10 PRO,883990,24.49847534064767
notebook hp,Ripley,NOTEBOOK HP ZBOOK POWER G8 15.6 CI7-11800H 16GB 1 TB SSD WIN10 PRO,1750990,48.526097961199405
notebook hp,Ripley,NOTEBOOK HP ZBOOK FIREFLY G9 INTEL CORE I7 16GB RAM 512GB SSD,1366990,37.88410593548791
notebook hp,Ripley,NOTEBOOK HP 250 G8 I5-1135G7 8GB 256GB 15INC W11HOME,439990,12.193672060918752
notebook hp,Ripley,NOTEBOOK HP 240 G8 I3-1115G4 8GB 512GB SSD 14IN W11HOME,339990,9.422319970889717
notebook hp,Ripley,NOTEBOOK HP PROBOOK 635 AERO 13S R75800U 8GB SSD 512GB W10P,980990,27.186686867975833
notebook hp,Ripley,NOTEBOOK HP ZBOOK POWER G8 15.6 PULG CORE I7-11800H 16GB SSD 1TB T600 4GB WIN. 10 PRO | HP,1789990,49.60692527631073
notebook hp,Ripley,NOTEBOOK HP ZBOOK POWER G8 15.6 PULG CORE I9-11900H T1200-4G 16G 1T SSD W10 PRO 64 | HP,2099990,58.19811675540074
notebook hp,Ripley,NOTEBOOK HP 255 G8 RYZEN 5 5500U 8GB 256 GB SSD 15.6IN W11H,489990,13.57934810593327
notebook hp,Ripley,"HP NOTEBOOK 250 G8 I7 8GB 256GB 15,6 SIN SISTEMA OPERATIVO",508050,14.079854293392515
notebook hp,Ripley,HP NOTEBOOK 240 G8 I5 8GB 512GB SSD 14' WIN11 HOME 59C86LT,484491,13.426951454502573
notebook hp,Ripley,NOTEBOOK HP 240 G8 INTEL CORE I5-1135G7 8GB 256GB SSD 14IN W11P,599990,16.62783540496521
notebook hp,Ripley,NOTEBOOK HP 240 G8 CI3-1115G4 8GB RAM 512GB SSD,349990,9.69945517989262
notebook hp,Ripley,NOTEBOOK HP ZBOOK STUDIO G8 15.6'' CORE I9-11950H 32GB SSD 512GB RTX A3000 6GB W10P,2399990,66.51217302548784
notebook hp,Ripley,NOTEBOOK HP PROBOOK 445 G8 RYZEN3 5400U 8GB 256GB SSD 14 PUG. W10 PRO,434990,12.0551044564173
notebook hp,Ripley,"NOTEBOOK HP PROBOOK 445 G7 AMD RYZEN 5 14' - 8GB RAM, 256GB SSD, WIN10PRO",699990,19.399187494994244
notebook hp,Ripley,NOTEBOOK HP 240 G8 I5-1135G7 8GB 256GB SSD W11 PRO,602900,16.708481750785054
notebook hp,Ripley,NOTEBOOK HP 240 G8 I3-1115G4 8GB 256GB SSD WIN10PRO,858900,23.803143101259383
notebook hp,Ripley,HP PAVILION X360 CONVERTIBLE 14-DY0011LA/8GB RAM/512GB SSD/14'',824990,22.863377607530538
notebook hp,Ripley,NOTEBOOK HP 240 G8 I3-1115G4 8GB 256GB SSD W10P,519990,14.41075373294198
notebook hp,Ripley,NOTEBOOK HP 240 G8 I3 1115G4 8GB256SSD 14IN W11H,515990,14.29989964934082
notebook hp,Ripley,NOTEBOOKS HP 240 G8 INTEL I3-1005G1/ 4GB RAM/ 1TB HDD/ 14' HD/ W10H,299990,8.313779134878104
notebook hp,Ripley,NOTEBOOK ELITEBOOK HP 845 G8 RYZEN7 5800U 16GB  512GB SSD W10PRO,1132900,31.396647827938942
notebook hp,Ripley,NOTEBOOK GAMER HP OMEN 16-C0502LA R7 5800H 8GB 512GB SSD W11H RTX3050 | HP,1379990,38.244381707191685
notebook hp,Ripley,NOTEBOOK HP GAMER OMEN 16-C0500LA R9 5900H 32GB 1TB PCIE W11H RX6600M 8GB,1589990,44.06422109625266
notebook hp,Ripley,NOTEBOOK HP PAVILION 15-EH1505LA R5-5500U 8GB 512GB SSD W11H | HP,759990,21.061998749011664
notebook hp,Ripley,NOTEBOOK HP GAMER OMEN 16-C0506LA R7 5800H 16GB 512GB SSD W11H RX6600M 8GB,1369990,37.96724649818878
notebook hp,Ripley,NOTEBOOK HP PAVILION 14-DV2002LA INTEL CORE I5 8GB 512GB SSD W11 | HP,849990,23.556215630037798
notebook hp,Ripley,NOTEBOOK HP 250 G8 I5-1135G7 8GB 256GB SSD W11 PRO,801900,22.223472409942836
notebook hp,Ripley,NOTEBOOK HP ELITEBOOK 840 G8 I5-1135G7 16GB 512GB SSD W11 PRO,1108900,30.731523326331974
notebook hp,Ripley,NOTEBOOK HP 250 G8 I7-1165G7 8GB 256GB SSD 15IN SIN WINDOWS,529990,14.687888941944884
notebook hp,Ripley,NOTEBOOK HP 240 G8 I5-1135G7 RAM 8GB SSD 256GB LED 14 HD W11 HOME,449990,12.470807269921655
notebook hp,Ripley,NOTEBOOK HP PROBOOK 445 G8 RYZEN5 5600U 8GB SSD 512GB,799990,22.17053958502328
notebook hp,Ripley,HP NOTEBOOK 240 G8 I3 8GB 512GB SSD 14' W11 HOME 59C83LT,322991,8.951217829105682
notebook hp,Ripley,NOTEBOOK HP 14-FQ1007LA AMD RYZEN3 8GB RAM 256GB SSD,449990,12.470807269921655
notebook hp,Ripley,NOTEBOOK HP 15-DY2501LA CORE I3 8GB RAM 512GB,429990,11.916536851915849
notebook hp,Ripley,"HP VICTUS 16-D0501LA / INTEL CORE I7 / 8GB RAM / 512GB SSD / NVIDIA GEFORCE RTX 3060 / 16,1'",1199990,33.25594794513942
notebook hp,Ripley,HP NOTEBOOK SPECTRE X360 14-EA0510LA / INTEL CORE I5 / 8GB RAM / 512GB SSD / 13.5' TOUCH,1099990,30.484595855110385
notebook hp,Ripley,NOTEBOOK HP ELITEBOOK 640 G9 INTEL CORE I7 16GB RAM 512GB SSD,1289990,35.75016482616555
notebook hp,Ripley,HP NOTEBOOK 250G8 I315.6 8GB 256GB SSD SIN SISTEMA OPERATIVO,294491,8.161382483447406
notebook hp,Ripley,NOTEBOOK HP G7 240 INTEL I3-10TH /1TB/ FREE DOS /14',359990,9.976590388895524
notebook hp,Ripley,NOTEBOOK HP 14' HD FLAT N5030 4GB/128SSD/WIN10,359990,9.976590388895524
notebook hp,Ripley,NOTEBOOK HP PROBOOK 445G8 R3 5400U 8GB SSD 256GB WIN10 PRO,439990,12.193672060918752
notebook hp,Ripley,NOTEBOOK HP PROBOOK 445 G8 RYZEN5 5600U 8GB SSD 512GB,799990,22.17053958502328
notebook hp,Ripley,NOTEBOOK HP G7 240 INTEL I3-10TH /1TB/ FREE DOS /14',359990,9.976590388895524
notebook hp,Ripley,NOTEBOOK HP 14' HD FLAT N5030 4GB/128SSD/WIN10,359990,9.976590388895524
notebook hp,Ripley,NOTEBOOK HP 14-FQ1007LA AMD RYZEN3 8GB RAM 256GB SSD,449990,12.470807269921655
notebook hp,Ripley,NOTEBOOK HP PAVILION AERO 13-BE0502LA R7 16GB 512SSD,869990,24.110486048043605
notebook hp,Ripley,HP NOTEBOOK SPECTRE X360 14-EA0510LA / INTEL CORE I5 / 8GB RAM / 512GB SSD / 13.5' TOUCH,1099990,30.484595855110385
notebook hp,Ripley,NOTEBOOK HP 15-DY2501LA CORE I3 8GB RAM 512GB,429990,11.916536851915849
notebook hp,Ripley,NOTEBOOK HP PAVILION 15-EH1503LA AMD R7-5700U 8GB 512GB 15 PULG HD W11H,859990,23.8333508390407
notebook hp,Ripley,NOTEBOOK HP PROBOOK 445G8 R5 5600U 8GB SSD 512GB W10 PRO,689990,19.12205228599134
notebook hp,Ripley,HP NOTEBOOK 240 G8 I3 8GB 512GB SSD 14' W11 HOME 59C83LT,322991,8.951217829105682
notebook hp,Ripley,NOTEBOOK HP 15-DY2508LA INTEL CORE I3 8 GB 512 GB SSD,399990,11.085131224907139
notebook hp,Ripley,NOTEBOOK HP PAVILION X360 CONVERTIBLE 14-DY0501LA / INTEL CORE I3 / 8 GB RAM / 256 GB SSD / 14',399990,11.085131224907139
notebook hp,Ripley,HP NOTEBOOK 245 RYZEN 5 5500U 8GB 1TB 14 SIN SISTEMA OPERATI,322991,8.951217829105682
notebook hp,Ripley,HP NOTEBOOK 240 G9 CELERON 14.0 8GB 256 SSD W11 HOME 6K015LT,214691,5.949843515604236
notebook hp,Ripley,NOTEBOOK HP 240 G9 CELERON N4500 8GB SSD 256GB 14IN W11H,219990,6.096697462854875
tablet samsung,Ripley,"SAMSUNG GALAXY TAB S7 FE / 12.4"" / 64GB / WIFI / TECLADO + LÁPIZ / VERDE",439990,12.193672060918752
tablet samsung,Ripley,"SAMSUNG GALAXY TAB S6 LITE / 10.4"" / 64GB / WIFI / COVER / AZUL",279990,7.759508716872296
tablet samsung,Ripley,"SAMSUNG GALAXY TAB S8 / 11"" / 128GB / WIFI / TECLADO + LÁPIZ / ROSADO",599990,16.62783540496521
tablet samsung,Ripley,"SAMSUNG GALAXY BOOK3 / INTEL CORE I5 / 8GB RAM / 512GB SSD / 15.6"" FHD",629990,17.45924103197392
tablet samsung,Ripley,"SAMSUNG GALAXY BOOK3 / INTEL CORE I7 / 8GB RAM / 512GB SSD / 15.6"" FHD",729990,20.230593122002954
tablet samsung,Ripley,"SAMSUNG GALAXY BOOK3 PRO / INTEL CORE I7 / 16GB RAM / 512GB SSD / 14"" WQXGA",1449990,40.18432817021201
tablet samsung,Ripley,"SAMSUNG GALAXY TAB S6 LITE / 10.4"" / 64GB / WIFI + 4G / COVER / GRIS",299990,8.313779134878104
tablet samsung,Ripley,"SAMSUNG GALAXY BOOK3 ULTRA / INTEL CORE I7 / 16GB RAM / 1TB SSD / 16"" WQXGA / NVIDIA GEFORCE RTX4050",2249990,62.35514489044429
tablet samsung,Ripley,"SAMSUNG GALAXY TAB S6 LITE / 10.4"" / 64GB / WIFI / COVER / ROSADO",279990,7.759508716872296
tablet samsung,Ripley,"SAMSUNG GALAXY BOOK3 PRO 360 / INTEL CORE I7 / 16GB RAM / 512GB SSD / 16"" WQXGA TOUCH",1749990,48.49838444029912
tablet samsung,Ripley,"SAMSUNG GALAXY TAB A8 / 10.5"" / 32GB / WIFI / COVER / GRIS",199990,5.542427044849068
tablet samsung,Ripley,"SAMSUNG GALAXY BOOK3 360 / INTEL CORE I7 / 8GB RAM / 512GB SSD / 15.6"" FHD TOUCH",1269990,35.195894408159745
tablet samsung,Ripley,"SAMSUNG GALAXY BOOK3 PRO / INTEL CORE I7 / 16GB RAM / 512GB SSD / 16"" WQXGA",1549990,42.955680260241046
tablet samsung,Ripley,"SAMSUNG GALAXY TAB S8 ULTRA / 14.6"" / 256GB / WIFI / TECLADO + LÁPIZ / GRIS",1099990,30.484595855110385
tablet samsung,Ripley,"SAMSUNG GALAXY BOOK3 360 / INTEL CORE I7 / 8GB RAM / 512GB SSD / 13.3"" FHD TOUCH",1169990,32.42454231813071
tablet samsung,Ripley,"SAMSUNG GALAXY TAB S6 LITE / 10.4"" / 64GB / WIFI / COVER / GRIS",279990,7.759508716872296
tablet samsung,Ripley,"SAMSUNG GALAXY TAB S7 FE / 12.4"" / 64GB / WIFI / TECLADO + LÁPIZ / NEGRO",439990,12.193672060918752
tablet samsung,Ripley,SAMSUNG GALAXY TAB S8 PLUS 12.4'' + KEYBOARD COVER (128GB / 8GB RAM / WIFI / SILVER),799990,22.17053958502328
tablet samsung,Ripley,"SAMSUNG GALAXY TAB A8 / 10.5"" / 64GB / WIFI / COVER / GRIS",229990,6.3738326718577785
tablet samsung,Ripley,"SAMSUNG GALAXY TAB S8 / 11"" / 256GB / WIFI / TECLADO + LÁPIZ / GRIS",699990,19.399187494994244
tablet samsung,Ripley,"SAMSUNG GALAXY TAB A7 LITE / 8.7"" / 32GB / WIFI / GRIS",139990,3.8796157908316466
tablet samsung,Ripley,"SAMSUNG GALAXY TAB S7 FE / 12.4"" / 64GB / WIFI / TECLADO + LÁPIZ / COLOR PLATA",439990,12.193672060918752
tablet samsung,Ripley,"SAMSUNG GALAXY TAB A7 LITE / 8.7"" / 32GB / WIFI / COLOR PLATA",139990,3.8796157908316466
tablet samsung,Ripley,SAMSUNG GALAXY TAB A8 10.5'' + BOOK COVER (64GB / 4GB RAM / WIFI / PINK GOLD),229990,6.3738326718577785
tablet samsung,Ripley,"SAMSUNG GALAXY TAB A8 / 10.5"" / 32GB / WIFI + 4G / COVER / GRIS",229990,6.3738326718577785
tablet samsung,Ripley,"SAMSUNG GALAXY TAB A8 / 10.5"" / 64GB / WIFI / COVER / COLOR PLATA",229990,6.3738326718577785
tablet samsung,Ripley,"SAMSUNG GALAXY TAB A8 / 10.5"" / 32GB / WIFI / COVER / COLOR PLATA",199990,5.542427044849068
tablet samsung,Ripley,"SAMSUNG GALAXY TAB A7 LITE / 8.7"" / 32GB / WIFI + 4G / COLOR PLATA",149990,4.15675099983455
tablet samsung,Ripley,"SAMSUNG GALAXY TAB S7 FE / 12.4"" / 64GB / WIFI + 4G / TECLADO + LÁPIZ / NEGRO",519990,14.41075373294198
tablet samsung,Ripley,"SAMSUNG GALAXY TAB A7 LITE / 8.7"" / 64GB / WIFI / GRIS",149990,4.15675099983455
tablet samsung,Ripley,MONITOR SAMSUNG 22 FULL HD,119990,3.3253453728258395
tablet samsung,Ripley,MONITOR SAMSUNG 24 PLANO,124990,3.463912977327291
impresora 3d,Ripley,IMPRESORA 3D CR-10 SMART PRO,749990,20.78486354000876
impresora 3d,Ripley,IMPRESORA 3D CR-5 PRO H,1099990,30.484595855110385
impresora 3d,Ripley,IMPRESORA 3D CR-6 MAX,669990,18.567781867985534
impresora 3d,Ripley,SCANNER 3D CR-SCAN 01,709990,19.676322703997148
impresora 3d,Ripley,IMPRESORA 3D ENDER 3 S1,409990,11.362266433910042
impresora 3d,Ripley,IMPRESORA 3D ENDER-3 V2,249990,6.928103089863585
impresora 3d,Ripley,IMPRESORA 3D ENDER-7,599990,16.62783540496521
impresora 3d,Ripley,IMPRESORA 3D HALOT-LITE,749990,20.78486354000876
impresora 3d,Ripley,IMPRESORA 3D HALOT-ONE,299990,8.313779134878104
impresora 3d,Ripley,IMPRESORA 3D HALOT-SKY,849990,23.556215630037798
impresora 3d,Ripley,ENDER 3 CREALITY | IMPRESORA 3D | ALTA PRECISIÓN,184990,5.126724231344713
impresora 3d,Ripley,HALOT-ONE CREALITY | IMPRESORA 3D | ALTA PRECISIÓN (RESINA),223990,6.2075515464560365
impresora 3d,Ripley,LÁPIZ IMPRESORA 3D CON ACCESORIOS,24990,0.6925608872982559
impresora 3d,Ripley,FILAMENTOS PLA 3N3 1KG 1.75MM BLANCO | FILAMENTOS,12890,0.35722728440474266
impresora 3d,Ripley,FILAMENTO LAPIZ 3D 20 COLORES,24990,0.6925608872982559
impresora 3d,Ripley,FILAMENTOS PLA ENDER 1KG 1.75MM BLANCO | FILAMENTOS,13390,0.37108404485488783
impresora 3d,Ripley,LAPIZ IMPRESORA 3D - ROSA,26990,0.7479879290988366
impresora 3d,Ripley,LAPIZ  IMPRESORA 3D + FILAMENTOS CELESTE,19990,0.5539932827968042
impresora 3d,Ripley,RESINA BAJO OLOR CREALITY IMPRESORAS 3D 500G GRIS,16990,0.4708527200959331
impresora 3d,Ripley,LAPIZ  IMPRESORA 3D + FILAMENTOS AMARILLO,24990,0.6925608872982559
impresora 3d,Ripley,RESINA PARA IMPRESORAS CREALITY PLUS 3D 1000G GRIS,25990,0.7202744081985463
impresora 3d,Ripley,LAPIZ  IMPRESORA 3D + FILAMENTOS ROSADO,19990,0.5539932827968042
impresora 3d,Ripley,LAPIZ  IMPRESORA 3D + FILAMENTOS MORADO,19990,0.5539932827968042
impresora 3d,Ripley,RESINA PARA IMPRESORAS CREALITY 3D 1000G GRIS | RESINA,29990,0.8311284917997077
impresora 3d,Ripley,FILAMENTOS PLA ENDER 1KG 1.75MM NEGRO | FILAMENTOS,13390,0.37108404485488783
impresora 3d,Ripley,FILAMENTOS PLA SEDA ESUN 1KG 1.75MM ORO | FILAMENTOS,19990,0.5539932827968042
impresora 3d,Ripley,EVACUUM KIT / FILAMENT DRY BAG ANYCUBIC,22990,0.6371338454976753
impresora 3d,Ripley,FILAMENTOS TPU CREALITY 1KG 1.75MM NEGRO | FILAMENTOS,21890,0.6066489725073558
impresora 3d,Ripley,LAPIZ IMPRESORA 3D AZUL / K,19390,0.53736517025663
impresora 3d,Ripley,FILAMENTO ESUN PLA+ DORADO 1KG,20990,0.5817068036970945
impresora 3d,Ripley,FILAMENTO ESUN PLA+ NEGRO 1KG,20990,0.5817068036970945
impresora 3d,Ripley,FILAMENTOS PLA ENDER 1KG 1.75MM GRIS | FILAMENTOS,13390,0.37108404485488783
impresora 3d,Ripley,FILAMENTO ESUN ABS+ PLATEADO 1KG,18990,0.5262797618965138
impresora 3d,Ripley,FILAMENTOS PLA 3N3 1KG 1.75MM NEGRO | FILAMENTOS,12890,0.35722728440474266
impresora 3d,Ripley,RESINA PARA IMPRESORAS CREALITY 3D 500G TRANSPARENTE,15990,0.44313919919564276
impresora 3d,Ripley,FILAMENTOS PLA+ ESUN 1KG 1.75MM GRIS | FILAMENTOS,16290,0.45145325546572984
impresora 3d,Ripley,FILAMENTOS PLA CREALITY 1KG 1.75MM NEGRO | FILAMENTOS,15890,0.4403678471056137
impresora 3d,Ripley,FILAMENTOS PLA CREALITY 1KG 1.75MM BLANCO | FILAMENTOS,15890,0.4403678471056137
impresora 3d,Ripley,FILAMENTOS PLA 3N3 1KG 1.75MM AMARILLO FLUORESCENTE,12890,0.35722728440474266
impresora 3d,Ripley,REPUESTO CREALITY CR-TOUCH KIT DE AUTONIVELACIÓN,59990,1.6625341188084184
impresora 3d,Ripley,REPUESTO CREALITY VENTILADOR 4010 AXIAL 24V,14990,0.4154256782953524
impresora 3d,Ripley,CINTA DE TRANSFERENCIA TÉRMICA DE RESINA NEGRO 110MM X 74MT,9990,0.27685807379390065
impresora 3d,Ripley,REPUESTO CREALITY PAD-PANTALLA TÁCTIL HD 5 PULGADAS,69990,1.939669327811322
impresora 3d,Ripley,KIT DE SENSOR DE AUTONIVELACIÓN PARA IMPRESORA 3D ENDER,25990,0.7202744081985463
impresora 3d,Ripley,REPUESTO CREALITY FUENTE DE ALIMENTACIÓN 350W,59990,1.6625341188084184
impresora 3d,Ripley,IMPRESORA 3D SERMOON V1,449990,12.470807269921655
impresora 3d,Ripley,REPUESTO CREALITY KIT EXTRUSOR DE METAL ROJO,10990,0.304571594694191
impresora 3d,Ripley,ENDER 3 NEO CREALITY | IMPRESORA 3D | VERSIÓN 2023,219990,6.096697462854875
impresora 3d,Ripley,FILAMENTOS PLA 3N3 1KG 1.75MM GRIS ACERO,12890,0.35722728440474266
impresora 3d,Ripley,FILAMENTOS PLA ESUN 1KG 1.75MM MÁRMOL | FILAMENTOS,20990,0.5817068036970945
impresora 3d,Ripley,RESINA PARA IMPRESORAS CREALITY 3D 500G BLANCA | RESINA,15990,0.44313919919564276
impresora 3d,Ripley,FILAMENTOS PLA 3N3 1KG 1.75MM GRIS PLOMO,12890,0.35722728440474266
impresora 3d,Ripley,RESINA PARA IMPRESORAS CREALITY 3D 1000G BLANCA | RESINA,29990,0.8311284917997077
impresora 3d,Ripley,FILAMENTO PLA COLOR MADERA ROBLE 450G,16990,0.4708527200959331
impresora 3d,Ripley,"FILAMENTO IMPRESORA 3D 1 KILO PLA PURO 335MT 1,75 MM - ROJO",22990,0.6371338454976753
impresora 3d,Ripley,CINTA ZEBRA 800300-250LA COLOR YMCKO 200 IMPRESIONES,56990,1.5793935561075472
impresora 3d,Ripley,FILAMENTO ESUN PLA GLITTER AZUL 1KG,30990,0.858842012699998
impresora 3d,Ripley,FILAMENTO ESUN PLA-ST TRANSPARENTE 1KG,31990,0.8865555336002884
impresora 3d,Ripley,FILAMENTO ESUN PLA/SILK CYAN 1KG,24990,0.6925608872982559
impresora 3d,Ripley,IMPRESORA 3D ANYCUBIC PHOTON MONO X,666990,18.48464130528466
impresora 3d,Ripley,FILAMENTO ESUN ABS+ MORADO 1KG,18990,0.5262797618965138
impresora 3d,Ripley,EQUIPO DE LAVADO Y CURADO - WASH&CURE 2.0,192990,5.348432398547035
impresora 3d,Ripley,FILAMENTO ESUN PETG AZUL 1KG,21990,0.6094203245973849
impresora 3d,Ripley,IMPRESORA 3D ANYCUBIC PHOTON MONO 4K,395990,10.974277141305977
impresora 3d,Ripley,FILAMENTO ESUN PLA+ CAFÉ 1KG,20990,0.5817068036970945
impresora 3d,Ripley,IMPRESORA 3D ANYCUBIC PHOTON MONO X 6K,892990,24.747897028750284
impresora 3d,Ripley,FILAMENTO ESUN ABS+ CAFÉ 1KG,18990,0.5262797618965138
impresora 3d,Ripley,IMPRESORA 3D ANYCUBIC FDM VYPER,564990,15.657862173455047
impresora 3d,Ripley,FILAMENTO ESUN PLA GLITTER PURPURA 1KG,30990,0.858842012699998
impresora 3d,Ripley,IMPRESORA 3D ANYCUBIC PHOTON ULTRA,847990,23.500788588237217
impresora 3d,Ripley,FILAMENTO ESUN PLA FLUORESCENTE VERDE 1KG,28990,0.8034149708994174
impresora 3d,Ripley,FUNDA IMPRESORA FDM ANYCUBIC,67990,1.884242286010741
impresora 3d,Ripley,FILAMENTO ESUN PLA/SILK VIOLETA 1KG,24990,0.6925608872982559
impresora 3d,Ripley,EBOX LITE / FILAMENT DRY BOX ANYCUBIC,90990,2.5216532667174194
impresora 3d,Ripley,FILAMENTO ESUN PLA+ CELESTE 1KG,20990,0.5817068036970945
impresora 3d,Ripley,IMPRESORA 3D ANYCUBIC PHOTON MONO X + RESINA UV GRIS,711990,19.73174974579773
impresora 3d,Ripley,FILAMENTO ESUN TPU BLANCO 1KG,33990,0.9419825754008692
impresora 3d,Ripley,IMPRESORA 3D ANYCUBIC PHOTON MONO X + WASH CURE 2.0 + RESINA UV GRIS,892990,24.747897028750284
impresora 3d,Ripley,IMPRESORA 3D ANYCUBIC PHOTON MONO X + WASH CURE 2.0,836990,23.19593985833402
impresora 3d,Ripley,FILAMENTO ESUN ABS+ TRANSPARENTE 1KG,18990,0.5262797618965138
impresora 3d,Ripley,IMPRESORA 3D ANYCUBIC PHOTON MONO X + RESINA UV PIEL,711990,19.73174974579773
impresora 3d,Ripley,FILAMENTO ESUN ABS+ BEIGE 1KG,18990,0.5262797618965138
impresora 3d,Ripley,IMPRESORA 3D ANYCUBIC PHOTON MONO X + RESINA UV TRANSPARENTE,711990,19.73174974579773
impresora 3d,Ripley,FILAMENTO ESUN PLA GLITTER ROSA 1KG,30990,0.858842012699998
impresora 3d,Ripley,IMPRESORA 3D ANYCUBIC PHOTON MONO X + WASH CURE 2.0 + RESINA UV PIEL,892990,24.747897028750284
impresora 3d,Ripley,FILAMENTO ESUN HIPS TRANSPARENTE 1KG,19990,0.5539932827968042
impresora 3d,Ripley,IMPRESORA 3D ANYCUBIC PHOTON MONO X + WASH CURE 2.0 + RESINA UV TRANSPARENTE,892990,24.747897028750284
impresora 3d,Ripley,FILAMENTO ESUN PETG NARANJO 1KG,21990,0.6094203245973849
impresora 3d,Ripley,FILAMENTO ESUN PLA/SILK PLATA 1KG,26990,0.7479879290988366
impresora 3d,Ripley,FILAMENTO ESUN PLA/SILK RAINBOW 1KG,32990,0.9142690545005787
impresora 3d,Ripley,FILAMENTO ESUN PLA+ AZUL 1KG,20990,0.5817068036970945
impresora 3d,Ripley,FILAMENTO ESUN PLA-ST NEGRO 1KG,31990,0.8865555336002884
impresora 3d,Ripley,FILAMENTO ESUN TPU ROJO-TRANSPARENTE 1KG,33990,0.9419825754008692
impresora 3d,Ripley,IMPRESORA 3D ANYCUBIC VYPER + FILAMENTO PLA GRIS,576990,15.990424424258531
impresora 3d,Ripley,"RESINA ELASTICA ANYCUBIC AMARILLO TRANSPARENTE 0,5KG",37990,1.0528366590020306
impresora 3d,Ripley,IMPRESORA 3D ANYCUBIC VYPER + FILAMENTO PLA NEGRO,576990,15.990424424258531
impresora 3d,Ripley,IMPRESORA 3D ANYCUBIC VYPER + FILAMENTO PLA PLATA,576990,15.990424424258531
impresora 3d,Ripley,FILAMENTO IMPRESORA 3D ESUN ABS+ GRIS 1KG,18990,0.5262797618965138
impresora 3d,Ripley,IMPRESORA 3D ANYCUBIC VYPER + FILAMENTO PLA ROJO,576990,15.990424424258531
impresora 3d,Ripley,FILAMENTO ESUN ABS+ BLANCO INVIERNO 1KG,18990,0.5262797618965138
impresora 3d,Ripley,IMPRESORA 3D ANYCUBIC VYPER + FILAMENTO PLA BLANCO,576990,15.990424424258531
impresora 3d,Ripley,FILAMENTO ESUN ABS+ GRIS 1KG,18990,0.5262797618965138
impresora 3d,Ripley,IMPRESORA 3D ANYCUBIC PHOTON ULTRA + RESINA UV GRIS,858990,23.805637318140413
impresora 3d,Ripley,FILAMENTO ESUN ABS+ AZUL 1KG,18990,0.5262797618965138
impresora 3d,Ripley,IMPRESORA 3D ANYCUBIC PHOTON ULTRA + RESINA UV PIEL,858990,23.805637318140413
impresora 3d,Ripley,FILAMENTO ESUN MARMOL 1KG,25990,0.7202744081985463
impresora 3d,Ripley,IMPRESORA 3D ANYCUBIC PHOTON ULTRA + RESINA UV CLEAR,858990,23.805637318140413
impresora 3d,Ripley,FILAMENTO ESUN PLA GLITTER NEGRO 1KG,30990,0.858842012699998
impresora 3d,Ripley,IMPRESORA 3D ANYCUBIC PHOTON ULTRA + WASH & CURE 2.0,960990,26.632416449970027
impresora 3d,Ripley,FILAMENTO ESUN PLA GLITTER DORADO 1KG,30990,0.858842012699998
impresora 3d,Ripley,IMPRESORA 3D ANYCUBIC PHOTON ULTRA + WASH CURE 2.0 + RESINA UV GRIS,1016990,28.184373620386285
impresora 3d,Ripley,FILAMENTO ESUN PLA GLITTER PLATA 1KG,30990,0.858842012699998
impresora 3d,Ripley,IMPRESORA 3D ANYCUBIC PHOTON ULTRA + WASH CURE 2.0 + RESINA UV PIEL,1016990,28.184373620386285
impresora 3d,Ripley,"FILAMENTO ESUN MADERA 0,5KG",21990,0.6094203245973849
impresora 3d,Ripley,IMPRESORA 3D ANYCUBIC PHOTON ULTRA + WASH CURE 2.0 + RESINA UV TRANSPARENTE,1016990,28.184373620386285
impresora 3d,Ripley,FILAMENTO ESUN PETG PLATEADO OSCURO 1KG,21990,0.6094203245973849
impresora 3d,Ripley,RESINA IMPRESORA 3D ANYCUBIC UV ANYCUBIC 1 LT. GRIS,50990,1.4131124307058052
impresora 3d,Ripley,FILAMENTO ESUN PLA FLUORESCENTE RAINBOW 1KG,34990,0.9696960963011595
impresora 3d,Ripley,RESINA IMPRESORA 3D ANYCUBIC UV ANYCUBIC 1 LT. PIEL,50990,1.4131124307058052
impresora 3d,Ripley,FILAMENTO ESUN PLA FLUORESCENTE AZUL 1KG,28990,0.8034149708994174
impresora 3d,Ripley,RESINA IMPRESORA 3D ANYCUBIC UV ANYCUBIC 1 LT. TRANSPARENTE,50990,1.4131124307058052
impresora 3d,Ripley,FILAMENTO ESUN PLA/SILK VERDE 1KG,24990,0.6925608872982559
impresora 3d,Ripley,PEI SUAVIZADO FDM 235X235MM,30990,0.858842012699998
impresora 3d,Ripley,FILAMENTO ESUN PLA/SILK DORADO 1KG,27990,0.775701449999127
impresora 3d,Ripley,PEI SUAVIZADO FDM 220X240MM,30990,0.858842012699998
impresora 3d,Ripley,FILAMENTO ESUN PLA/SILK COBRE 1KG,27990,0.775701449999127
impresora 3d,Ripley,PEI SUAVIZADO FDM 250X265MM,30990,0.858842012699998
impresora 3d,Ripley,FILAMENTO ESUN PLA+ VERDE 1KG,20990,0.5817068036970945
impresora 3d,Ripley,PEI SUAVIZADO FDM 330X310MM,37990,1.0528366590020306
impresora 3d,Ripley,FILAMENTO ESUN PLA+ ROJO 1KG,20990,0.5817068036970945
impresora 3d,Ripley,BATEA PHOTON MONO X ANYCUBIC,111990,3.103637205623517
impresora 3d,Ripley,FILAMENTO ESUN PLA+ MORADO 1KG,20990,0.5817068036970945
impresora 3d,Ripley,FEP FILM 2PC PHOTON MONO X ANYCUBIC,24990,0.6925608872982559
impresora 3d,Ripley,FILAMENTO ESUN PLA+ NARANJA 1KG,20990,0.5817068036970945
impresora 3d,Ripley,FEP FILM 2PC PHOTON MONO ANYCUBIC,24990,0.6925608872982559
impresora 3d,Ripley,FILAMENTO ESUN PLA-ST GRIS 1KG,31990,0.8865555336002884
impresora 3d,Ripley,RESINA ECO ANYCUBIC 500CC CLEAR,33990,0.9419825754008692
impresora 3d,Ripley,FILAMENTO ESUN TPE TRANSPARENTE 1KG,40990,1.1359772217029016
impresora 3d,Ripley,RESINA ECO ANYCUBIC 500CC NEGRO,33990,0.9419825754008692
impresora 3d,Ripley,FILAMENTO ESUN TPU GRIS 1KG,33990,0.9419825754008692
impresora 3d,Ripley,RESINA CASTABLE ANYCUBIC JOYERIA VERDE 1KG,169990,4.7110214178403576
impresora 3d,Ripley,FILAMENTO IMPRESIÃ“N 3D PLA+ ESUN 1.75MM 1KG CIMECH 3D - NEGRO,16690,0.462538663825846
impresora 3d,Ripley,"FILAMENTO IMPRESORA 3D ESUN MADERA 0,5KG",21990,0.6094203245973849
impresora 3d,Ripley,REPUESTO CREALITY VENTILADOR 4010 HOTEND BLOWER 24V,14990,0.4154256782953524
impresora 3d,Ripley,RESINA IMPRESORA 3D ANYCUBIC UV ANYCUBIC 1 LT. GRIS,51990,1.4408259516060955
impresora 3d,Ripley,PLACA FLEX DE IMPRESIÓN SLA 135X80MM,22990,0.6371338454976753
impresora 3d,Ripley,PLACA FLEX DE IMPRESIÓN SLA 138X85MM,22990,0.6371338454976753
impresora 3d,Ripley,ALIMENTADOR AUTOMATICO DE RESINA ANYCUBIC,40990,1.1359772217029016
impresora 3d,Ripley,PLACA FLEX DE IMPRESIÓN SLA 202X128MM,27990,0.775701449999127
impresora 3d,Ripley,RESINA ECO ANYCUBIC 500CC TRANS-GREEN,33990,0.9419825754008692
impresora 3d,Ripley,FILAMENTO IMPRESIÃ“N 3D PLA+ ESUN 1.75MM 1KG CIMECH 3D - BLANCO,16690,0.462538663825846
impresora 3d,Ripley,RESINA ECO ANYCUBIC 500CC BLANCO,33990,0.9419825754008692
impresora 3d,Ripley,RESINA CASTABLE DENTAL ANYCUBIC 500CC VERDE,79990,2.2168045368142253
impresora 3d,Ripley,IMPRESORA 3D ANYCUBIC VYPER + FILAMENTO PLA AZUL,576990,15.990424424258531
impresora 3d,Ripley,FILAMENTOS PETG CREALITY 1KG 1.75MM NEGRO | FILAMENTOS,16990,0.4708527200959331
impresora 3d,Ripley,FILAMENTOS MADERA ESUN 500G 1.75MM | FILAMENTOS,15990,0.44313919919564276
impresora 3d,Ripley,RESINA FLEXIBLE ESUN IMPRE. 3D 500G AMARILLO TRANSPARENTE,33990,0.9419825754008692
impresora 3d,Ripley,FILAMENTOS PLA PPC 1KG 1.75MM MÁRMOL | FILAMENTOS,18990,0.5262797618965138
impresora 3d,Ripley,RESINA PARA IMPRESORAS CREALITY PLUS 3D 1000G NEGRA,25990,0.7202744081985463
impresora 3d,Ripley,"FILAMENTO IMPRESORA 3D 1 KILO PLA PURO 335MT 1,75 MM - AZUL",22990,0.6371338454976753
impresora 3d,Ripley,CREALITY3D ENDER-5 IMPRESORA 3D DE DOBLE EJE 22X22X30CM,574990,15.93499738245795
impresora 3d,Ripley,RESINA ECO ANYCUBIC 500CC GRIS,34990,0.9696960963011595
impresora 3d,Ripley,REPUESTO CREALITY HALOT-LITE TINA DE RESINA,69990,1.939669327811322
impresora 3d,Ripley,FILAMENTO SAKATA PLA 3D850 COLOR ROJO 450G,14990,0.4154256782953524
impresora 3d,Ripley,REPUESTO CREALITY CAJA SECADORA DE FILAMENTOS,65990,1.8288152442101604
impresora 3d,Ripley,REPUESTO CREALITY ACOPLAMIENTO RÍGIDO 2-PACK,12990,0.3599986364947717
impresora 3d,Ripley,REPUESTO CREALITY TUBO DE TEFLÓN CAPRICORNIO,15990,0.44313919919564276
impresora 3d,Ripley,FILAMENTOS PLA ENDER 250G 1.75MM ROJO | FILAMENTOS,4990,0.13829046929244887
impresora 3d,Ripley,RESINA LAVABLE AL AGUA CREALITY IMPRESORAS 3D 500G BLANCA,18990,0.5262797618965138
impresora 3d,Ripley,RESINA PARA IMPRESORAS CREALITY 3D 500G NEGRA | RESINA,15990,0.44313919919564276
impresora 3d,Ripley,FILAMENTOS PLA+ BLANCO 1KG PPC FILAMENTS | FILAMENTOS,17990,0.4985662409962235
impresora 3d,Ripley,FILAMENTOS PLA SEDA ESUN 1KG 1.75MM ARCOIRIS | FILAMENTOS,24990,0.6925608872982559
impresora 3d,Ripley,RESINA PARA IMPRESORAS ANYCUBIC 3D 1000G BLANCA | RESINA,29990,0.8311284917997077
impresora 3d,Ripley,RESINA ESUN PARA IMPRESORAS 3D 500G GRIS | RESINA,14690,0.4071116220252653
impresora 3d,Ripley,FILAMENTOS PLA 3N3 1KG 1.75MM BLANCO HUESO,12890,0.35722728440474266
impresora 3d,Ripley,RESINA PARA IMPRESORAS ANYCUBIC 3D 1000G GRIS | RESINA,29990,0.8311284917997077
impresora 3d,Ripley,FILAMENTOS PLA FIBRA CARBÓN PPC 1KG 1.75MM,27890,0.772930097909098
impresora 3d,Ripley,FILAMENTOS PLA+ ESUN 1KG 1.75MM ROJO | FILAMENTOS,16290,0.45145325546572984
impresora 3d,Ripley,FILAMENTOS PLA NEGRO 1KG 1.75MM SUNLU | FILAMENTOS,16990,0.4708527200959331
impresora 3d,Ripley,FILAMENTO IMPRESORA 3D ESUN PLA GLITTER DORADO 1KG,31990,0.8865555336002884
impresora 3d,Ripley,FILAMENTO IMPRESORA 3D ESUN PLA FLUORESCENTE RAINBOW 1KG,34990,0.9696960963011595
impresora 3d,Ripley,RESINA ESTÁNDAR GRIS PARA IMPRESORA 3D LCD,16690,0.462538663825846
impresora 3d,Ripley,PLACA FLEX DE IMPRESIÓN SLA 138X85MM,25990,0.7202744081985463
impresora 3d,Ripley,PEI SUAVIZADO FDM 330X310MM,45990,1.2745448262043533
impresora 3d,Ripley,FILAMENTO LAPIZ 3D 20 COLORES,25990,0.7202744081985463
impresora 3d,Ripley,REPUESTO CREALITY PELÍCULA FEP 200MM/140MM,14990,0.4154256782953524
impresora 3d,Ripley,RESINA ESTANDAR VERDE CESPED PARA IMPRESORA 3D LCD,16690,0.462538663825846
impresora 3d,Ripley,RESINA IMPRESORA 3D ANYCUBIC UV ANYCUBIC 1 LT. PIEL,51990,1.4408259516060955
impresora 3d,Ripley,PEI SUAVIZADO FDM 220X240MM,39990,1.1082637008026113
impresora 3d,Ripley,PLACA FLEX DE IMPRESIÓN SLA 202X128MM,29990,0.8311284917997077
impresora 3d,Ripley,FILAMENTOS PLA IMPRESIÓN 3D 1KG ROHS,15990,0.44313919919564276
impresora 3d,Ripley,FILAMENTO IMPRESORA 3D ESUN ABS+ CAFÉ 1KG,18990,0.5262797618965138
impresora 3d,Ripley,FILAMENTO IMPRESORA 3D ESUN PETG NARANJO 1KG,21990,0.6094203245973849
impresora 3d,Ripley,FILAMENTO IMPRESORA 3D ESUN PETG AZUL 1KG,21990,0.6094203245973849
impresora 3d,Ripley,RESINA ESTANDAR ROJO PARA IMPRESORA 3D LCD,16690,0.462538663825846
impresora 3d,Ripley,RESINA ESTÁNDAR NEGRA PARA IMPRESORA 3D LCD,16690,0.462538663825846
impresora 3d,Ripley,FILAMENTO IMPRESORA 3D ESUN PETG TRANSPARENTE 1KG,21990,0.6094203245973849
impresora 3d,Ripley,FILAMENTO IMPRESORA 3D ESUN MARMOL 1KG,26990,0.7479879290988366
impresora 3d,Ripley,FILAMENTO IMPRESORA 3D ESUN ABS+ MORADO 1KG,18990,0.5262797618965138
impresora 3d,Ripley,FILAMENTO IMPRESORA 3D ESUN ABS+ NEGRO 1KG,22990,0.6371338454976753
impresora 3d,Ripley,RESINA IMPRESORA 3D ANYCUBIC UV ANYCUBIC 1 LT. TRANSPARENTE,51990,1.4408259516060955
impresora 3d,Ripley,IMPRESORA 3D ANYCUBIC PHOTON MONO X 6K,804990,22.30910718952473
impresora 3d,Ripley,PEI SUAVIZADO FDM 235X235MM,39990,1.1082637008026113
impresora 3d,Ripley,IMPRESORA 3D ANYCUBIC PHOTON M3 PLUS 6K,1034990,28.683216996591515
impresora 3d,Ripley,PEI SUAVIZADO FDM 250X265MM,39990,1.1082637008026113
impresora 3d,Ripley,IMPRESORA 3D ANYCUBIC FDM VYPER,574990,15.93499738245795
impresora 3d,Ripley,RESINA ECO ANYCUBIC 500CC NEGRO,34990,0.9696960963011595
impresora 3d,Ripley,IMPRESORA 3D ANYCUBIC FDM KOBRA,494990,13.717915710434722
impresora 3d,Ripley,PLACA FLEX DE IMPRESIÓN SLA 135X80MM,25990,0.7202744081985463
impresora 3d,Ripley,FILAMENTO IMPRESORA 3D ESUN PETG PLATEADO OSCURO 1KG,21990,0.6094203245973849
impresora 3d,Ripley,FILAMENTO ESUN PLA/SILK PLATA 1KG,27990,0.775701449999127
impresora 3d,Ripley,IMPRESORA 3D ANYCUBIC PHOTON ULTRA,804990,22.30910718952473
impresora 3d,Ripley,FILAMENTOS PLA IMPRESIÓN 3D 1KG ROHS,15990,0.44313919919564276
impresora 3d,Ripley,FILAMENTO IMPRESORA 3D ESUN ABS+ BLANCO INVIERNO 1KG,18990,0.5262797618965138
impresora 3d,Ripley,FILAMENTO IMPRESORA 3D ESUN PLA GLITTER NEGRO 1KG,31990,0.8865555336002884
impresora 3d,Ripley,FILAMENTO IMPRESORA 3D ESUN ABS+ TRANSPARENTE 1KG,18990,0.5262797618965138
impresora 3d,Ripley,FILAMENTO IMPRESORA 3D ESUN PLA GLITTER ROSA 1KG,31990,0.8865555336002884
impresora 3d,Ripley,FILAMENTO IMPRESORA 3D ESUN PLA GLITTER PURPURA 1KG,31990,0.8865555336002884
impresora 3d,Ripley,FILAMENTO IMPRESORA 3D ESUN PLA GLITTER PLATA 1KG,31990,0.8865555336002884
impresora 3d,Ripley,FILAMENTO IMPRESORA 3D ESUN HIPS TRANSPARENTE 1KG,19990,0.5539932827968042
impresora 3d,Ripley,FILAMENTO IMPRESORA 3D ESUN PLA FLUORESCENTE VERDE 1KG,28990,0.8034149708994174
impresora 3d,Ripley,FILAMENTO IMPRESORA 3D ESUN PETG NEGRO 1KG,21990,0.6094203245973849
impresora 3d,Ripley,FILAMENTO IMPRESORA 3D ESUN PLA FLUORESCENTE AZUL 1KG,28990,0.8034149708994174
impresora 3d,Ripley,FILAMENTO IMPRESIÃ“N 3D PLA+ ESUN 1.75MM 1KG CIMECH 3D - PLATEADO,16690,0.462538663825846
impresora 3d,Ripley,FILAMENTO IMPRESIÃ“N 3D PLA+ ESUN 1.75MM 1KG CIMECH 3D - MARRON,16690,0.462538663825846
impresora 3d,Ripley,RESINA ESTANDAR AZUL CIELO PARA IMPRESORA 3D LCD,16690,0.462538663825846
impresora 3d,Ripley,FILAMENTO IMPRESIÃ“N 3D PLA+ ESUN 1.75MM 1KG CIMECH 3D - GRIS,16690,0.462538663825846
impresora 3d,Ripley,FILAMENTO IMPRESORA 3D ESUN PETG ORO MACIZO 1KG,21990,0.6094203245973849
impresora 3d,Ripley,RESINA ESTANDAR NARANJO PARA IMPRESORA 3D LCD,16690,0.462538663825846
impresora 3d,Ripley,FILAMENTO IMPRESORA 3D ESUN ABS+ AZUL 1KG,18990,0.5262797618965138
impresora 3d,Ripley,RESINA ESTANDAR AMARILLA PARA IMPRESORA 3D LCD,16690,0.462538663825846
impresora 3d,Ripley,FILAMENTO IMPRESORA 3D ESUN ABS+ PLATEADO 1KG,18990,0.5262797618965138
impresora 3d,Ripley,RESINA ESTANDAR CLEAR PARA IMPRESORA 3D LCD,16690,0.462538663825846
impresora 3d,Ripley,RESINA ESTANDAR BLANCA PARA IMPRESORA 3D LCD,16690,0.462538663825846
impresora 3d,Ripley,FILAMENTO IMPRESORA 3D ESUN ABS+ BEIGE 1KG,18990,0.5262797618965138
impresora 3d,Ripley,FILAMENTO IMPRESORA 3D ESUN PLA GLITTER AZUL 1KG,31990,0.8865555336002884
impresora 3d,Ripley,EQUIPO DE LAVADO Y CURADO - WASH&CURE 2.0,195990,5.431572961247906
impresora 3d,Ripley,FILAMENTOS ABS CREALITY 1KG 1.75MM BLANCO  | FILAMENTOS,16990,0.4708527200959331
impresora 3d,Ripley,RESINA ECO ANYCUBIC 500CC CLEAR,34990,0.9696960963011595
impresora 3d,Ripley,RESINA ECO ANYCUBIC 500CC TRANS-GREEN,34990,0.9696960963011595
impresora 3d,Ripley,RESINA ECO ANYCUBIC 500CC BLANCO,34990,0.9696960963011595
impresora 3d,Ripley,RESINA CASTABLE DENTAL ANYCUBIC 500CC VERDE,80990,2.2445180577145156
impresora 3d,Ripley,IMPRESORA 3D ANYCUBIC PHOTON MONO X,678990,18.81720355608815
impresora 3d,Ripley,FILAMENTOS PLA IMPRESIÓN 3D 1KG ROHS,15990,0.44313919919564276
impresora 3d,Ripley,IMPRESORA 3D ENDER 5 PLUS,599990,16.62783540496521
impresora 3d,Ripley,RESINA ESUN PARA IMPRESORAS 3D 500G AZUL CIELO | RESINA,14690,0.4071116220252653
impresora 3d,Ripley,FILAMENTOS PLA SEDA SUNLU BRONCE 1KG 1.75MM | FILAMENTOS,19990,0.5539932827968042
impresora 3d,Ripley,"FILAMENTOS PLA SEDA CREALITY 1KG 1,75MM PLATA | FILAMENTOS",19990,0.5539932827968042
impresora 3d,Ripley,FILAMENTOS PLA MATE ESUN 1KG 1.75MM BLANCO LECHE |FILAMENTOS,17490,0.48470948054607826
impresora 3d,Ripley,FILAMENTOS PLA PPC 1KG 1.75MM AZUL | FILAMENTOS,17990,0.4985662409962235
impresora 3d,Ripley,FILAMENTOS TPU CREALITY 1KG 1.75MM AZUL | FILAMENTOS,21890,0.6066489725073558
impresora 3d,Ripley,FILAMENTOS PLA SEDA SUNLU 1KG 1.75MM COBRE | FILAMENTOS,19990,0.5539932827968042
impresora 3d,Ripley,RESINA PARA IMPRESORAS CREALITY PLUS IMPRESORAS 3D 500G GRIS,15990,0.44313919919564276
impresora 3d,Ripley,FILAMENTOS PLA SEDA ESUN 1KG 1.75MM VIOLETA | FILAMENTOS,19990,0.5539932827968042
impresora 3d,Ripley,MOTOR PASO A PASO NEMA 17 PARA CNC E IMPRESORAS 3D,34990,0.9696960963011595
impresora 3d,Ripley,FILAMENTOS PLA SEDA ESUN 1KG 1.75MM CYAN | FILAMENTOS,19990,0.5539932827968042
impresora 3d,Ripley,FILAMENTOS PLA PPC 1KG 1.75MM CYAN | FILAMENTOS,17990,0.4985662409962235
impresora 3d,Ripley,FILAMENTOS PLA SEDA PPC BRONCE 1KG 1.75MM | FILAMENTOS,18990,0.5262797618965138
impresora 3d,Ripley,FILAMENTOS PLA IMPRESIÓN 3D 1KG ROHS,15990,0.44313919919564276
impresora 3d,Ripley,IMPRESORA 3D ANYCUBIC PHOTON M3 PLUS 6K,1073990,29.764044311702836
impresora 3d,Ripley,IMPRESORA 3D ANYCUBIC FDM MEGA S,229990,6.3738326718577785
impresora 3d,Ripley,FILAMENTOS PLA ENDER 250G 1.75MM BLANCO | FILAMENTOS,4990,0.13829046929244887
impresora 3d,Ripley,FILAMENTO IMPRESIÃ“N 3D PLA+ ESUN 1.75MM 1KG CIMECH 3D - AZUL,16690,0.462538663825846
impresora 3d,Ripley,ALIMENTADOR AUTOMATICO DE RESINA ANYCUBIC,25990,0.7202744081985463
impresora 3d,Ripley,FILAMENTO IMPRESIÃ“N 3D PLA+ ESUN 1.75MM 1KG CIMECH 3D -  VERDE PINO,16690,0.462538663825846
impresora 3d,Ripley,FUNDA IMPRESORA FDM ANYCUBIC,68990,1.9119558069110314
impresora 3d,Ripley,RESINA PARA IMPRESORAS CREALITY 3D 500G GRIS | RESINA,15990,0.44313919919564276
impresora 3d,Ripley,FILAMENTOS PLA SEDA ROSADO 1KG PPC | FILAMENTOS,18990,0.5262797618965138
impresora 3d,Ripley,FILAMENTOS PLA SEDA PPC  1KG 1.75MM PLATA | FILAMENTOS,18990,0.5262797618965138
impresora 3d,Ripley,FILAMENTOS PLA+ NEGRO 1KG PPC FILAMENTS | FILAMENTOS,17990,0.4985662409962235
impresora 3d,Ripley,FILAMENTOS PLA GRILON3 1KG 1.75MM ROJO,18890,0.5235084098064848
impresora 3d,Ripley,FILAMENTOS TPU ESUN 1KG 1.75MM BLANCO | FILAMENTOS,28990,0.8034149708994174
impresora 3d,Ripley,FILAMENTOS PLA SEDA ORO 1KG PPC | FILAMENTOS,18990,0.5262797618965138
impresora 3d,Ripley,FILAMENTOS PLA ESPUMA LIGERA ESUN 1KG 1.75MM BLANCO,38990,1.080550179902321
impresora 3d,Ripley,FILAMENTOS PLA+ SUNLU 1KG 1.75MM GRIS | FILAMENTOS,16990,0.4708527200959331
impresora 3d,Ripley,FILAMENTOS PLA GRILON3 1KG 1.75MM GRIS PLATA,18990,0.5262797618965138
impresora 3d,Ripley,FILAMENTOS PLA+ SUNLU 1KG 1.75MM BLANCO | FILAMENTOS,16990,0.4708527200959331
impresora 3d,Ripley,FILAMENTOS PLA GRILON3 1KG 1.75MM AMARILLO FLUORESCENTE,18990,0.5262797618965138
impresora 3d,Ripley,IMPRESORA DE ETIQUETAS TERMICA BROTHER QL-1110NWB WIFI,339990,9.422319970889717
impresora 3d,Ripley,FILAMENTOS PLA FIBRA CARBONO CREALITY 1KG 1.75MM,29990,0.8311284917997077
impresora 3d,Ripley,FILAMENTOS PLA GRILON3 1KG 1.75MM BLANCO,18890,0.5235084098064848
impresora 3d,Ripley,LÁPIZ 3D PPC SL-300 NEGRO,40468,1.12151076379295
impresora 3d,Ripley,FILAMENTO IMPRESIÃ“N 3D PLA+ ESUN 1.75MM 1KG CIMECH 3D - ROSA,16690,0.462538663825846
impresora 3d,Ripley,IMPRESORA 3D ANYCUBIC PHOTON M3 MAX,1839990,50.992601321325246
impresora 3d,Ripley,MÁQUINA 3D DE LAVADO Y CURADO UW-02,219990,6.096697462854875
impresora 3d,Ripley,IMPRESORA 3D ANYCUBIC PHOTON M3 MAX,1807990,50.105768652515955
impresora 3d,Ripley,IMPRESORA 3D ENDER 3 S1 PRO,519990,14.41075373294198
impresora 3d,Ripley,FILAMENTOS PLA IMPRESIÓN 3D 1KG ROHS,15990,0.44313919919564276
impresora 3d,Ripley,FILAMENTO IMPRESIÃ“N 3D PLA+ ESUN 1.75MM 1KG CIMECH 3D - MAGENTA,16690,0.462538663825846
impresora 3d,Ripley,FILAMENTOS PLA MADERA GRILON3 1KG 1.75MM CAOBA,25990,0.7202744081985463
impresora 3d,Ripley,FILAMENTO SAKATA PLA 3D850 COLOR AMARILLO 1KG,21990,0.6094203245973849
impresora 3d,Ripley,EXTRUSOR PARA IMPRESORAS 3D ARTILLERY,45990,1.2745448262043533
impresora 3d,Ripley,FILAMENTOS PLA ENDER 250G 1.75MM AMARILLO | FILAMENTOS,4990,0.13829046929244887
impresora 3d,Ripley,FILAMENTOS PLA ENDER 250G 1.75MM AZUL | FILAMENTOS,4990,0.13829046929244887
impresora 3d,Ripley,REPUESTO CREALITY PELÍCULA FEP HALOT-SKY/LD-006 266MM/190MM,27990,0.775701449999127
impresora 3d,Ripley,IMPRESORA 3D ENDER 3,149990,4.15675099983455
impresora 3d,Ripley,MÁQUINA 3D DE LAVADO Y CURADO UW-01,139990,3.8796157908316466
impresora 3d,Ripley,IMPRESORA 3D SERMOON D1,699990,19.399187494994244
impresora 3d,Ripley,FILAMENTO ESUN PLA+ GRIS 1KG,20990,0.5817068036970945
impresora 3d,Ripley,RESINA PARA IMPRESORAS CREALITY PLUS 3D 1000G ROJO TRANSP.,25990,0.7202744081985463
impresora 3d,Ripley,FILAMENTO PLA 3D850 COLOR TRANSPARENTE 1.75MM 1KG,21990,0.6094203245973849
impresora 3d,Ripley,FILAMENTOS PETG ESUN 1KG 1.75MM NARANJO | FILAMENTOS,16490,0.45699595964578793
impresora 3d,Ripley,FILAMENTOS PLA PPC 1KG 1.75MM AMARILLO | FILAMENTOS,17990,0.4985662409962235
impresora 3d,Ripley,FILAMENTOS PLA BRILLA EN OSCRUDIDAD ESUN 1KG 1.75MM AZUL,21990,0.6094203245973849
impresora 3d,Ripley,FILAMENTOS PLA SUNLU 1KG 1.75MM TRANSPARENTE | FILAMENTOS,16990,0.4708527200959331
impresora 3d,Ripley,FILAMENTOS PLA PPC 1KG 1.75MM NYLON | FILAMENTOS,23990,0.6648473663979656
impresora 3d,Ripley,FILAMENTOS PLA PPC 1KG 1.75MM PLATA | FILAMENTOS,17990,0.4985662409962235
impresora 3d,Ripley,FILAMENTOS PLA PPC 1KG 1.75MM GRIS | FILAMENTOS,17990,0.4985662409962235
impresora 3d,Ripley,FILAMENTOS PLA BRILLA EN OSCRUDIDAD ESUN 1KG 1.75MM VERDE,21990,0.6094203245973849
impresora 3d,Ripley,FILAMENTOS PLA+ ESUN 1KG 1.75MM BLANCO INVIERNO | FILAMENTOS,16290,0.45145325546572984
impresora 3d,Ripley,FILAMENTOS PLA PPC 1KG 1.75MM CAFÉ | FILAMENTOS,17990,0.4985662409962235
impresora 3d,Ripley,FILAMENTOS PLA+ GRIS 1KG 1.75MM PPC | FILAMENTOS,17990,0.4985662409962235
impresora 3d,Ripley,"FILAMENTOS PLA FLUORESCENTE CREALITY 1KG 1,75MM ROJO",15890,0.4403678471056137
impresora 3d,Ripley,FILAMENTOS ABS+ ESUN 1KG 1.75MM BLANCO INVIERNO | FILAMENTOS,16990,0.4708527200959331
impresora 3d,Ripley,"FILAMENTOS PLA SEDA CREALITY 1KG 1,75MM COBRE | FILAMENTOS",19990,0.5539932827968042
impresora 3d,Ripley,FILAMENTOS PLA+ SUNLU 1KG 1.75MM NEGRO | FILAMENTOS,16990,0.4708527200959331
impresora 3d,Ripley,FILAMENTOS PLA GRILON3 1KG 1.75MM COBRE,18990,0.5262797618965138
impresora 3d,Ripley,FILAMENTOS PLA MATE ESUN 1KG 1.75MM AMARILLO ALMENDRA,17490,0.48470948054607826
impresora 3d,Ripley,FILAMENTOS PLA 3N3 1KG 1.75MM HABANO,12890,0.35722728440474266
impresora 3d,Ripley,FILAMENTOS PETG CREALITY 1KG 1.75MM TRANSPARENTE,16990,0.4708527200959331
impresora 3d,Ripley,FILAMENTOS PLA MADERA GRILON3 1KG 1.75MM PINO,25990,0.7202744081985463
impresora 3d,Ripley,"FILAMENTOS PLA SEDA CREALITY 1KG 1,75MM ORO | FILAMENTOS",19990,0.5539932827968042
impresora 3d,Ripley,FILAMENTO PLA 3D850 COLOR AZUL CELESTE 1.75MM 1KG,21990,0.6094203245973849
impresora 3d,Ripley,FILAMENTOS PLA AZUL 1KG 1.75MM SUNLU | FILAMENTOS,16990,0.4708527200959331
impresora 3d,Ripley,FILAMENTOS PLA ROJO 1KG 1.75MM SUNLU | FILAMENTOS,16990,0.4708527200959331
impresora 3d,Ripley,FILAMENTOS PLA SEDA ESUN 1KG 1.75MM COBRE | FILAMENTOS,19990,0.5539932827968042
impresora 3d,Ripley,RESINA PARA IMPRESORAS CREALITY 3D 500G AZUL | RESINA,15990,0.44313919919564276
impresora 3d,Ripley,RESINA PARA IMPRESORAS CREALITY PLUS 3D 1000G BLANCA,25990,0.7202744081985463
impresora 3d,Ripley,FILAMENTOS PLA BLANCO 1KG PPC | FILAMENTOS,17990,0.4985662409962235
impresora 3d,Ripley,FILAMENTOS PLA BRILLA EN OSCRUDIDAD ESUN 1KG 1.75MM ARCOIRIS,24990,0.6925608872982559
impresora 3d,Ripley,FILAMENTOS PLA PPC 1KG 1.75MM ARCOIRIS/RAINBOW | FILAMENTOS,20990,0.5817068036970945
impresora 3d,Ripley,FILAMENTOS PLA PPC 1KG 1.75MM NARANJO | FILAMENTOS,17990,0.4985662409962235
impresora 3d,Ripley,FILAMENTOS TPU CREALITY 1KG 1.75MM ROJO | FILAMENTOS,21890,0.6066489725073558
impresora 3d,Ripley,RESINA ESUN PARA IMPRESORAS 3D 500G BLANCA | RESINA,14690,0.4071116220252653
impresora 3d,Ripley,FILAMENTOS PLA MATE ESUN 1KG 1.75MM GRIS | FILAMENTOS,17490,0.48470948054607826
impresora 3d,Ripley,FILAMENTOS PLA AZUL 1KG CREALITY | FILAMENTOS,15890,0.4403678471056137
impresora 3d,Ripley,MAQUINA 3D DE CURADO Y LAVADO UW-01 CREALITY ALTA PRECISIÓN,133990,3.7133346654299046
impresora 3d,Ripley,FILAMENTOS PLA PPC 1KG 1.75MM ROJO | FILAMENTOS,17990,0.4985662409962235
impresora 3d,Ripley,FILAMENTOS PETG ESUN 1KG 1.75MM NATURAL | FILAMENTOS,16490,0.45699595964578793
impresora 3d,Ripley,FILAMENTOS PLA+ SUNLU 1KG 1.75MM PLATA | FILAMENTOS,16990,0.4708527200959331
impresora 3d,Ripley,FILAMENTOS PLA NEGRO 1KG PPC | FILAMENTOS,17990,0.4985662409962235
impresora 3d,Ripley,FILAMENTOS PLA BLANCO 1KG SUNLU | FILAMENTOS,16990,0.4708527200959331
impresora 3d,Ripley,FILAMENTOS PLA ESUN 1KG 1.75MM TRANSPARENTE | FILAMENTOS,16290,0.45145325546572984
impresora 3d,Ripley,FILAMENTOS PETG PPC 1KG 1.75MM BLANCO | FILAMENTOS,16990,0.4708527200959331
impresora 3d,Ripley,FILAMENTOS ABS+ ESUN 1KG 1.75MM MORADO | FILAMENTOS,16990,0.4708527200959331
impresora 3d,Ripley,FILAMENTOS ABS ESUN 1KG 1.75MM TRANSPARENTE,16990,0.4708527200959331
impresora 3d,Ripley,FILAMENTOS PETG ESUN 1KG 1.75MM PLATEADO OSCURO | FILAMENTOS,16490,0.45699595964578793
impresora 3d,Ripley,LÁPIZ 3D PPC SL-300A BLANCO,49990,1.3853989098055148
impresora 3d,Ripley,RESINA ESUN PARA IMPRESORAS 3D 500G BEIGE | RESINA,14690,0.4071116220252653
impresora 3d,Ripley,RESINA PARA IMPRESORAS CREALITY PLUS 3D 1000G PIEL CLARA,25990,0.7202744081985463
impresora 3d,Ripley,TUBO DE TEFLÓN PARA IMPRESORAS 3D,6490,0.1798607506428844
impresora 3d,Ripley,CREALITY CAJA SECADORA DE FILAMENTOS (SIN ADAPTADOR),54990,1.5239665143069665
impresora 3d,Ripley,RESINA ESTÁNDAR PLUS LCD 500G,16990,0.4708527200959331
impresora 3d,Ripley,"FILAMENTO CR-PETG 1,75MM 1KG",19990,0.5539932827968042
impresora 3d,Ripley,"FILAMENTO CR-PLA 1,75MM 1KG",15990,0.44313919919564276
impresora 3d,Ripley,"FILAMENTO CR-ABS 1,75MM 1KG",16490,0.45699595964578793
impresora 3d,Ripley,"FILAMENTO CR-SILK 1,75MM 1KG",21990,0.6094203245973849
impresora 3d,Ripley,"FILAMENTO CR-TPU 1,75MM 1KG",16990,0.4708527200959331
impresora 3d,Ripley,RESINA ESTÁNDAR LCD 500G,16980,0.4705755848869302
impresora 3d,Ripley,LÁPIZ 3D PPC SL-300 BLANCO,45990,1.2745448262043533
impresora 3d,Ripley,IMPRESORA 3D CREALITY ENDER 3 V2,329990,9.145184761886814
impresora 3d,Ripley,FILAMENTO PLA 3D850 COLOR AZUL 1.75MM 1KG,21990,0.6094203245973849
impresora 3d,Ripley,FILAMENTO PLA TWINKLING AZUL SUNLU 1.75MM 1KG,21990,0.6094203245973849
impresora 3d,Ripley,FILAMENTO PLA LUMINOSO BLANCO SUNLU 1.75MM 1KG,20000,0.5542704180058071
impresora 3d,Ripley,FILAMENTO PLA MÁRMOL SUNLU 1.75MM 1KG,19990,0.5539932827968042
impresora 3d,Ripley,FILAMENTO PLA+ SILK NARANJA SUNLU 1.75MM 1KG,18990,0.5262797618965138
impresora 3d,Ripley,FILAMENTO PLA+ DORADO CLARO SUNLU 1.75MM 1KG,15990,0.44313919919564276
impresora 3d,Ripley,FILAMENTO PLA LUMINOSO VERDE SUNLU 1.75MM 1KG,20000,0.5542704180058071
impresora 3d,Ripley,FILAMENTO PLA+ ROJO SUNLU 1.75MM 1KG,15990,0.44313919919564276
impresora 3d,Ripley,FILAMENTO PLA+ SILK ROJO COBRE SUNLU 1.75MM 1KG,18990,0.5262797618965138
impresora 3d,Ripley,FILAMENTO PLA+ VERDE MENTA SUNLU 1.75MM 1KG,15990,0.44313919919564276
impresora 3d,Ripley,FILAMENTO PLA+ SILK VERDE SUNLU 1.75MM 1KG,18990,0.5262797618965138
impresora 3d,Ripley,FILAMENTO PLA+ ROSADO ROSADO 1.75MM 1KG,15990,0.44313919919564276
impresora 3d,Ripley,FILAMENTO PLA+ SILK ROSADO SUNLU 1.75MM 1KG,18990,0.5262797618965138
impresora 3d,Ripley,FILAMENTO PLA+ SILK AZUL SUNLU 1.75MM 1KG,18990,0.5262797618965138
impresora 3d,Ripley,FILAMENTO PLA LUMINOSO AMARILLO SUNLU 1.75MM 1KG,20000,0.5542704180058071
impresora 3d,Ripley,FILAMENTO PLA+ SILK PURPURA SUNLU 1.75MM 1KG,18990,0.5262797618965138
impresora 3d,Ripley,FILAMENTO PLA+ CAFÉ SUNLU 1.75MM 1KG,15990,0.44313919919564276
impresora 3d,Ripley,FILAMENTO PLA+ GRIS AZULADO SUNLU 1.75MM 1KG,15990,0.44313919919564276
impresora 3d,Ripley,FILAMENTO PLA+ SILK BLANCO SUNLU 1.75MM 1KG,18990,0.5262797618965138
impresora 3d,Ripley,FILAMENTO PLA+ SILK AMARILLO SUNLU 1.75MM 1KG,18990,0.5262797618965138
impresora 3d,Ripley,IMPRESORA 3D XYZ DA VINCI F1.0 PROFESSIONAL,779990,21.616269167017474
impresora 3d,Ripley,IMPRESORA 3D XYZ DA VINCI JUNIOR 1.0,479990,13.302212896930367
impresora 3d,Ripley,IMPRESORA 3D XYZ DA VINCI JUNIOR 1.0 WIFI,479990,13.302212896930367
impresora 3d,Ripley,FILAMENTO PLA+ VERDE SUNLU 1.75MM 1KG,15990,0.44313919919564276
impresora 3d,Ripley,FILAMENTO PLA+ SILK NEGRO SUNLU 1.75MM 1KG,18990,0.5262797618965138
impresora 3d,Ripley,FILAMENTO PLA+ SILK ROJO SUNLU 1.75MM 1KG,18990,0.5262797618965138
impresora 3d,Ripley,FILAMENTO PLA+ SILK PLATEADO SUNLU 1.75MM 1KG,18990,0.5262797618965138
impresora 3d,Ripley,FILAMENTO PLA+ VERDE PASTO SUNLU 1.75MM 1KG,15990,0.44313919919564276
impresora 3d,Ripley,RESINA FLEXIBLE DURA PARA IMPRESORAS 3D ANYCUBIC 1000G TRANSPARENTE,44990,1.246831305304063
impresora 3d,Ripley,FILAMENTO PLA+ CHERRY RED SUNLU 1.75MM 1KG,15990,0.44313919919564276
impresora 3d,Ripley,FILAMENTO PLA TWINKLING NEGRO SUNLU 1.75MM 1KG,21990,0.6094203245973849
impresora 3d,Ripley,FILAMENTO PLA+ DORADO SUNLU 1.75MM 1KG,15990,0.44313919919564276
impresora 3d,Ripley,FILAMENTO PLA+ AMARILLO LIMÓN SUNLU 1.75MM 1KG,15990,0.44313919919564276
impresora 3d,Ripley,FILAMENTO PLA LUMINOSO AZUL SUNLU 1.75MM 1KG,20000,0.5542704180058071
impresora 3d,Ripley,FILAMENTO PLA+ BLANCO SUNLU 1.75MM 1KG,15990,0.44313919919564276
impresora 3d,Ripley,FILAMENTO SAKATA PLA 3D850 COLOR VERDE 1KG,21990,0.6094203245973849
impresora 3d,Ripley,FILAMENTO PLA+ SILK BRONCE SUNLU 1.75MM 1KG,18990,0.5262797618965138
impresora 3d,Ripley,FILAMENTO PLA 3D850 COLOR ROJO 1.75MM 1KG,21990,0.6094203245973849
impresora 3d,Ripley,FILAMENTO PLA+ CHOCOLATE SUNLU 1.75MM 1KG,15990,0.44313919919564276
impresora 3d,Ripley,FILAMENTO PLA+ NARANJA SUNLU 1.75MM 1KG,15990,0.44313919919564276
impresora 3d,Ripley,FILAMENTO PLA+ NARANJA SOLEADO SUNLU 1.75MM 1KG,15990,0.44313919919564276
impresora 3d,Ripley,FILAMENTO PLA+ CYAN SUNLU 1.75MM 1KG,15990,0.44313919919564276
impresora 3d,Ripley,FILAMENTO PLA+ FUCSIA SUNLU 1.75MM 1KG,15990,0.44313919919564276
impresora 3d,Ripley,FILAMENTO IMPRESIÓN 3D PLA RECICLADO PREMIUM 1.75 MM GRIS - QACTUS,19990,0.5539932827968042
impresora 3d,Ripley,FILAMENTO PLA+ AZUL SUNLU 1.75MM 1KG,15990,0.44313919919564276
impresora 3d,Ripley,FILAMENTO PLA+ SILK ARCOIRIS SUNLU 1.75MM 1KG,23990,0.6648473663979656
impresora 3d,Ripley,FILAMENTO PLA+ GRIS SUNLU 1.75MM 1KG,15990,0.44313919919564276
impresora 3d,Ripley,FILAMENTO PLA+ SILK GRIS SUNLU 1.75MM 1KG,18990,0.5262797618965138
impresora 3d,Ripley,FILAMENTO PLA LUMINOSO ROJO SUNLU 1.75MM 1KG,20000,0.5542704180058071
impresora 3d,Ripley,FILAMENTO PLA+ ROSADO SAKURA SUNLU 1.75MM 1KG,15990,0.44313919919564276
impresora 3d,Ripley,FILAMENTO PLA+ PURPURA SUNLU 1.75MM 1KG,15990,0.44313919919564276
impresora 3d,Ripley,FILAMENTO PLA+ SILK DORADO CLARO SUNLU 1.75MM 1KG,18990,0.5262797618965138
impresora 3d,Ripley,FILAMENTO PLA+ PLATEADO SUNLU 1.75MM 1KG,15990,0.44313919919564276
impresora 3d,Ripley,"FILAMENTOS PLA SEDA CREALITY 1KG 1,75MM AZUL | FILAMENTOS",19990,0.5539932827968042
impresora 3d,Ripley,"FILAMENTOS PLA SEDA CREALITY 1KG 1,75MM BLANCO | FILAMENTOS",19990,0.5539932827968042
impresora 3d,Ripley,FILAMENTOS TPU PPC 500G 1.75MM TRANSPARENTE | FILAMENTOS,14990,0.4154256782953524
impresora 3d,Ripley,LAPIZ IMPRESORA 3D CELESTE CON 3 FILAMENTOS,15990,0.44313919919564276
impresora 3d,Ripley,LAPIZ IMPRESORA 3D FILAMENTOS ROSADO,15990,0.44313919919564276
impresora 3d,Ripley,LAPIZ IMPRESORA 3D MORADO CON 3 FILAMENTOS,15990,0.44313919919564276
impresora 3d,Ripley,ENDER 3 S1 CREALITY | IMPRESORA 3D,419990,11.639401642912945
impresora 3d,Ripley,FILAMENTOS PLA+ PPC 1KG 1.75MM MORADO | FILAMENTOS,17990,0.4985662409962235
impresora 3d,Ripley,FILAMENTOS PLA+ ROJO 1KG 1.75MM PPC | FILAMENTOS,17990,0.4985662409962235
impresora 3d,Ripley,FILAMENTO ESUN PLA+ ROSADO 1KG,20990,0.5817068036970945
impresora 3d,Ripley,FILAMENTO ESUN PLA+ AMARILLO 1KG,25990,0.7202744081985463
impresora 3d,Ripley,FILAMENTO SAKATA PLA 3D870 COLOR BLANCO 1KG,25990,0.7202744081985463
impresora 3d,Ripley,LAPIZ IMPRESORA 3D ABS SMAFFOX SM-01 54M + ESTUCHE,39990,1.1082637008026113
impresora 3d,Ripley,FILAMENTO PLA+ CELESTE SUNLU 1.75MM 1KG,15990,0.44313919919564276
impresora 3d,Ripley,FILAMENTO PLA+ AMARILLO SUNLU 1.75MM 1KG,15990,0.44313919919564276
impresora 3d,Ripley,LAPIZ IMPRESORA 3D AMARILLO CON 3 FILAMENTOS,15990,0.44313919919564276
impresora 3d,Ripley,RESINA LAVABLE EN AGUA LCD 1000G,39990,1.1082637008026113
impresora 3d,Ripley,IMPRESORA 3D CREALITY ENDER 3 V2,329990,9.145184761886814
impresora 3d,Ripley,FILAMENTO PLA 3D850 COLOR AZUL 1.75MM 1KG,21990,0.6094203245973849
impresora 3d,Ripley,FILAMENTO SAKATA PLA 3D850 COLOR NEGRO 1KG,21990,0.6094203245973849
impresora 3d,Ripley,FILAMENTO PLA+ NEGRO SUNLU 1.75MM 1KG,15990,0.44313919919564276
impresora 3d,Ripley,FILAMENTO SAKATA PLA 3D870 COLOR NEGRO 1KG,25990,0.7202744081985463
impresora 3d,Ripley,FILAMENTO PLA 3D850 COLOR BLANCO 1.75MM 1KG,21990,0.6094203245973849
impresora 3d,Ripley,"LAPIZ IMPRESORA 3D ABS RP100B LCD 1,75 MM - ROSA",22990,0.6371338454976753
impresora 3d,Ripley,"LAPIZ IMPRESORA 3D ABS RP100B LCD 1,75 MM - AMARILLO",22990,0.6371338454976753
impresora 3d,Ripley,LAPIZ IMPRESORA 3D ABS SMAFFOX SM-01 54M + ESTUCHE,39990,1.1082637008026113
impresora 3d,Ripley,"LAPIZ IMPRESORA 3D ABS RP100B LCD 1,75 MM - AZUL",22990,0.6371338454976753
impresora 3d,Ripley,LAPIZ IMPRESORA 3D ABS SMAFFOX SM-01 54M + ESTUCHE,39990,1.1082637008026113
impresora 3d,Ripley,LAPIZ IMPRESORA 3D ABS SMAFFOX SM-01 54M + ESTUCHE,39990,1.1082637008026113
impresora 3d,Ripley,IMPRESORA 3D HALOT-ONE + RESINA LCD GRAY Y SKIN 500G,299990,8.313779134878104
impresora 3d,Ripley,IMPRESORA 3D ENDER-3 V2 + FILAMENTO PLA BLUE Y YELLOW 1KG,279990,7.759508716872296
impresora 3d,Ripley,IMPRESORA 3D ENDER 3 S1 + FILAMENTO PLA BLUE Y YELLOW 1KG,399990,11.085131224907139
impresora 3d,Ripley,FEP FILM 2PC PHOTON MONO X ANYCUBIC,25990,0.7202744081985463
impresora 3d,Ripley,FEP FILM 2PC PHOTON MONO ANYCUBIC,25990,0.7202744081985463
impresora 3d,Ripley,AIRPURE 2PCS/SET ANYCUBIC,33990,0.9419825754008692
impresora 3d,Ripley,AIRPURE 2PCS/SET ANYCUBIC,34990,0.9696960963011595
impresora 3d,Ripley,LÁPIZ DIBUJO IMPRESORA 3D NIÑOS + INSUMO AR33,15500,0.4295595739545005
impresora 3d,Ripley,LÁPIZ DIBUJO IMPRESORA 3D NIÑOS + INSUMO AR33,15500,0.4295595739545005
impresora 3d,Ripley,LÁPIZ DIBUJO IMPRESORA 3D NIÑOS + INSUMO AR33,15500,0.4295595739545005
impresora 3d,Ripley,FILAMENTO 3D PLA TRONXY DE 1.75MM Y 1KG ROSADO,14990,0.4154256782953524
impresora 3d,Ripley,FILAMENTO 3D PLA TRONXY DE 1.75MM AMARILLO FLUO,14990,0.4154256782953524
impresora 3d,Ripley,FILAMENTO 3D PLA TRONXY DE 1.75MM Y 1KG GRIS,11990,0.3322851155944813
impresora 3d,Ripley,FILAMENTO 3D PLA TRONXY DE 1.75MM Y 1KG ROJO,11990,0.3322851155944813
impresora 3d,Ripley,REPUESTO CREALITY MK BRASS NOZZLE 0.4MM (4 PACK),5990,0.16600399019273923
impresora 3d,Ripley,FILAMENTO 3D PLA +  TRONXY DE 1.75MM  1KG BLANCO,16990,0.4708527200959331
impresora 3d,Ripley,FILAMENTO 3D PLA FIBRA DE CARBONO SUNLU DE 1.75MM  1KG NEGRO,22990,0.6371338454976753
impresora 3d,Ripley,FILAMENTO 3D PLA MATE SUNLU DE 1.75MM  1KG NEGRO,12990,0.3599986364947717
impresora 3d,Ripley,FILAMENTO 3D PLA MATE SUNLU DE 1.75MM  1KG ROJO,12990,0.3599986364947717
impresora 3d,Ripley,FILAMENTO 3D PLA MATE SUNLU DE 1.75MM  1KG AZUL,12990,0.3599986364947717
impresora 3d,Ripley,FILAMENTO 3D PLA MATE SUNLU DE 1.75MM  1KG BLANCO,12990,0.3599986364947717
impresora 3d,Ripley,FILAMENTO 3D PLA MATE SUNLU DE 1.75MM  1KG VERDE,12990,0.3599986364947717
impresora 3d,Ripley,FILAMENTO 3D PLA MATE SUNLU DE 1.75MM  1KG ROSADO,12990,0.3599986364947717
impresora 3d,Ripley,FILAMENTO 3D PLA MATE SUNLU DE 1.75MM  1KG ARCILLA,12990,0.3599986364947717
impresora 3d,Ripley,SECADORA DE FILAMENTO 3D SUNLU S1 PLUS,49990,1.3853989098055148
impresora 3d,Ripley,FILAMENTO 3D PLA TRONXY DE 1.75MM  1KG PLATA,14990,0.4154256782953524
impresora 3d,Ripley,FILAMENTO 3D PLA TRONXY DE 1.75MM  1KG ROSADO OSCURO,14990,0.4154256782953524
impresora 3d,Ripley,FILAMENTO 3D PLA TRONXY DE 1.75MM  1KG BLANCO,11990,0.3322851155944813
impresora 3d,Ripley,FILAMENTO 3D PLA +  TRONXY DE 1.75MM  1KG BLANCO,13990,0.38771215739506204
impresora 3d,Ripley,FILAMENTO 3D PLA TRONXY DE 1.75MM  1KG AZUL OSCURO,11990,0.3322851155944813
impresora 3d,Ripley,FILAMENTO 3D PLA TRONXY DE 1.75MM  1KG MADERA,19990,0.5539932827968042
impresora 3d,Ripley,FILAMENTO 3D PLA +  TRONXY DE 1.75MM  1KG ROSADO OSCURO,13990,0.38771215739506204
impresora 3d,Ripley,FILAMENTO 3D PLA +  TRONXY DE 1.75MM  1KG ROJO,13990,0.38771215739506204
impresora 3d,Ripley,FILAMENTO 3D PLA +  TRONXY DE 1.75MM  1KG ORO,13990,0.38771215739506204
impresora 3d,Ripley,FILAMENTO 3D PLA +  TRONXY DE 1.75MM 1KG PLATA,13990,0.38771215739506204
impresora 3d,Ripley,FILAMENTO 3D PLA TRONXY DE 1.75MM  1KG VERDE FLUOR,14990,0.4154256782953524
impresora 3d,Ripley,FILAMENTO 3D PETG TRONXY DE 1.75MM 1KG ROJO TRANSPARENTE,13990,0.38771215739506204
impresora 3d,Ripley,FILAMENTO 3D PLA +  TRONXY DE 1.75MM 1KG VERDE OSCURO,13990,0.38771215739506204
impresora 3d,Ripley,FILAMENTO 3D PETG TRONXY DE 1.75MM 1KG NEGRO,13990,0.38771215739506204
impresora 3d,Ripley,FILAMENTO 3D PLA +  TRONXY DE 1.75MM  1KG VERDE,13990,0.38771215739506204
impresora 3d,Ripley,FILAMENTO 3D PLA +  TRONXY DE 1.75MM  1KG NARANJO,13990,0.38771215739506204
impresora 3d,Ripley,FILAMENTO 3D PLA +  TRONXY DE 1.75MM 1KG NEGRO,13990,0.38771215739506204
impresora 3d,Ripley,FILAMENTO 3D PETG TRONXY DE 1.75MM 1KG AZUL TRANSPARENTE,13990,0.38771215739506204
impresora 3d,Ripley,FILAMENTO 3D PLA TRONXY DE 1.75MM  1KG VERDE,12990,0.3599986364947717
impresora 3d,Ripley,FILAMENTO 3D PLA +  TRONXY DE 1.75MM 1KG AZUL AGUA,13990,0.38771215739506204
impresora 3d,Ripley,FILAMENTO 3D PLA +  TRONXY DE 1.75MM  1KG AZUL OSCURO,13990,0.38771215739506204
impresora 3d,Ripley,FILAMENTO 3D PLA +  TRONXY DE 1.75MM 1KG MORADO,13990,0.38771215739506204
impresora 3d,Ripley,FILAMENTO 3D PLA +  TRONXY DE 1.75MM  1KG AZUL,13990,0.38771215739506204
impresora 3d,Ripley,FILAMENTO 3D PLA +  TRONXY DE 1.75MM 1KG MORADO OSCURO,13990,0.38771215739506204
impresora 3d,Ripley,FILAMENTO 3D PLA TRONXY DE 1.75MM  1KG AMARILLO,12990,0.3599986364947717
impresora 3d,Ripley,FILAMENTO 3D PLA TRONXY DE 1.75MM  1KG NARANJA FLUOR,12990,0.3599986364947717
impresora 3d,Ripley,FILAMENTO 3D PETG TRONXY DE 1.75MM 1KG BLANCO,13990,0.38771215739506204
impresora 3d,Ripley,FILAMENTO 3D PLA TRONXY DE 1.75MM  1KG MORADO OSCURO,12990,0.3599986364947717
impresora 3d,Ripley,FILAMENTO 3D PLA TRONXY DE 1.75MM  1KG NEGRO,12990,0.3599986364947717
impresora 3d,Ripley,FILAMENTO 3D PLA TRONXY DE 1.75MM  1KG AMARILLO FLUOR,12990,0.3599986364947717
impresora 3d,Ripley,FILAMENTO 3D PLA TRONXY DE 1.75MM  1KG ROSADO,12990,0.3599986364947717
impresora 3d,Ripley,FILAMENTO 3D PLA TRONXY DE 1.75MM  1KG GRIS,12990,0.3599986364947717
impresora 3d,Ripley,FILAMENTO 3D PLA TRONXY DE 1.75MM  1KG TRANSPARENTE,12990,0.3599986364947717
impresora 3d,Ripley,FILAMENTO 3D PLA TRONXY DE 1.75MM  1KG MARMOL,15990,0.44313919919564276
impresora 3d,Ripley,FILAMENTO 3D PLA TRONXY DE 1.75MM  1KG AMARILLO OSCURO,12990,0.3599986364947717
impresora 3d,Ripley,FILAMENTO 3D PLA TRONXY DE 1.75MM  1KG CAFÉ,12990,0.3599986364947717
impresora 3d,Ripley,FILAMENTO 3D PLA TRONXY DE 1.75MM  1KG ROJO,12990,0.3599986364947717
impresora 3d,Ripley,FILAMENTO 3D PLA TRONXY DE 1.75MM  1KG AZUL AGUA,12990,0.3599986364947717
impresora 3d,Ripley,FILAMENTO 3D PLA TRONXY DE 1.75MM  1KG ORO,12990,0.3599986364947717
impresora 3d,Ripley,FILAMENTO 3D PLA +  TRONXY DE 1.75MM  1KG ROJO,13990,0.38771215739506204
impresora 3d,Ripley,FILAMENTO 3D PLA TRONXY DE 1.75MM  1KG NARANJA,12990,0.3599986364947717
impresora 3d,Ripley,RESINA A BASE DE PLANTAS NATURALES CREALITY 500G  BLANCO PERLA,22990,0.6371338454976753
impresora 3d,Ripley,RESINA PARA IMPRESORAS CREALITY PLUS 3D 500G PIEL CLARA,15790,0.4375964950155847
impresora 3d,Ripley,RESINA LAVABLE AL AGUA CREALITY PLUS IMPRESORAS 3D 1000G GRIS,36990,1.0251231381017403
impresora 3d,Ripley,RESINA PARA IMPRESORAS 3D ANYCUBIC 1000G TRANSPARENTE,29990,0.8311284917997077
impresora 3d,Ripley,RESINA PARA IMPRESORAS CREALITY PLUS 3D 1000G TRANSPARENTE,24990,0.6925608872982559
impresora 3d,Ripley,RESINA A BASE DE PLANTAS NATURALES CREALITY 500G  NARANJA,22990,0.6371338454976753
impresora 3d,Ripley,RESINA LAVABLE AL AGUA CREALITY IMPRESORAS 3D 500G PIEL CLARA,18990,0.5262797618965138
impresora 3d,Ripley,RESINA LAVABLE AL AGUA ANYCUBIC IMPRESORAS 3D 1000G TRANSPARENTE,34990,0.9696960963011595
impresora 3d,Ripley,ANYCUBIC PHOTON M3 4K | IMPRESORA 3D RESINA,364990,10.115157993396975
impresora 3d,Ripley,FILAMENTO 3D PLA DE 1.75MM Y 1KG VERDE FLUOR,11990,0.3322851155944813
impresora 3d,Ripley,FILAMENTO 3D PLA MATE SUNLU DE 1.75MM  1KG ROSADO,13990,0.38771215739506204
impresora 3d,Ripley,FILAMENTO 3D PETG TRONXY DE 1.75MM 1KG ROJO TRANSPARENTE,15990,0.44313919919564276
impresora 3d,Ripley,FILAMENTO 3D PLA TRONXY DE 1.75MM TRANSPARENTE,14990,0.4154256782953524
impresora 3d,Ripley,FILAMENTO 3D PLA +  TRONXY DE 1.75MM  1KG AZUL OSCURO,16990,0.4708527200959331
impresora 3d,Ripley,FILAMENTO 3D PETG TRONXY DE 1.75MM 1KG AZUL TRANSPARENTE,15990,0.44313919919564276
impresora 3d,Ripley,FILAMENTO 3D PLA +  TRONXY DE 1.75MM 1KG MORADO OSCURO,16990,0.4708527200959331
impresora 3d,Ripley,FILAMENTO 3D PLA MATE SUNLU DE 1.75MM  1KG VERDE,14990,0.4154256782953524
impresora 3d,Ripley,FILAMENTO 3D PLA TRONXY DE 1.75MM  1KG AZUL AGUA,14990,0.4154256782953524
impresora 3d,Ripley,FILAMENTO 3D SEDA PLA + SUNLU DE 1.75MM  1KG PLATA,12990,0.3599986364947717
impresora 3d,Ripley,FILAMENTO 3D PLA + SUNLU DE 1.75MM  1KG AMARILLO,12990,0.3599986364947717
impresora 3d,Ripley,FILAMENTO 3D PLA SUNLU DE 1.75MM  1KG GRIS,11990,0.3322851155944813
impresora 3d,Ripley,FILAMENTO 3D PLA + SUNLU DE 1.75MM  1KG VERDE,12990,0.3599986364947717
